{
  "exp_id": "T0-10-BS512",
  "architecture": "conv",
  "run_name": "T0-10-BS512_seed123",
  "mae_mean_mean": 4.7462352160197865,
  "mae_mean_std": 0.2611206822389008,
  "mae_mean_count": 3,
  "mae_std_mean": 5.4003388870779405,
  "mae_std_std": 0.12300209656242578,
  "mae_std_count": 3,
  "mae_median_mean": 2.962003992747365,
  "mae_median_std": 0.34467207443211845,
  "mae_median_count": 3,
  "rmse_mean_mean": 6.660726796495986,
  "rmse_mean_std": 0.2633228687956985,
  "rmse_mean_count": 3,
  "rmse_std_mean": 7.2044428131545075,
  "rmse_std_std": 0.1263890592773841,
  "rmse_std_count": 3,
  "rmse_median_mean": 4.268325456437174,
  "rmse_median_std": 0.3373903813144187,
  "rmse_median_count": 3,
  "r2_mean_mean": 0.9858290524994396,
  "r2_mean_std": 0.0009120405578917833,
  "r2_mean_count": 3,
  "r2_std_mean": 0.14595916793303146,
  "r2_std_std": 0.18004422393905925,
  "r2_std_count": 3,
  "r2_median_mean": 0.9975226671151708,
  "r2_median_std": 0.00039895621100374573,
  "r2_median_count": 3,
  "isc_error_abs_mean_mean": 0.586400564224952,
  "isc_error_abs_mean_std": 0.5296036306276888,
  "isc_error_abs_mean_count": 3,
  "isc_error_abs_median_mean": 0.3586181004842122,
  "isc_error_abs_median_std": 0.6211447705524966,
  "isc_error_abs_median_count": 3,
  "voc_error_abs_mean_mean": 0.005623686082632931,
  "voc_error_abs_mean_std": 0.005835405920085978,
  "voc_error_abs_mean_count": 3,
  "voc_error_abs_median_mean": 0.0003916133670099538,
  "voc_error_abs_median_std": 0.00016393791230374114,
  "voc_error_abs_median_count": 3,
  "voc_prediction_rate_mean": 0.31784465264552897,
  "voc_prediction_rate_std": 0.2579974883608512,
  "voc_prediction_rate_count": 3,
  "train_time_s_mean": 568.7745040391261,
  "train_time_s_std": 89.19527095938334,
  "train_time_s_count": 3,
  "test_time_s_mean": 10.470544323325157,
  "test_time_s_std": 0.21852981142249442,
  "test_time_s_count": 3,
  "total_time_s_mean": 596.3543170612926,
  "total_time_s_std": 88.66871403281803,
  "total_time_s_count": 3,
  "train_steps_mean": 17843.666666666668,
  "train_steps_std": 3059.2542119499217,
  "train_steps_count": 3,
  "max_epochs_mean": 100.0,
  "max_epochs_std": 0.0,
  "max_epochs_count": 3,
  "batch_size_mean": 512.0,
  "batch_size_std": 0.0,
  "batch_size_count": 3
}