{
  "n_samples": 17090,
  "high_error_quantile": 0.9,
  "low_pce_quantile": 0.2,
  "high_error_threshold": 7083.979931640626,
  "low_pce_threshold": 0.06162887886166566,
  "counts": {
    "high_error": 1709,
    "low_pce": 3418,
    "bad_curve": 5078
  },
  "overall_stats": {
    "curve_mse": {
      "mean": 2674.0482100413933,
      "median": 1191.3450927734375,
      "p10": 164.4228485107422,
      "p90": 7083.979931640626
    },
    "curve_r2": {
      "mean": 0.6774136785633597,
      "median": 0.8270600438117981,
      "p10": 0.24847834706306454,
      "p90": 0.9702418625354767
    },
    "mse_region1": {
      "mean": 1570.2370615377909,
      "median": 439.11083984375,
      "p10": 40.10412406921387,
      "p90": 4085.3828613281257
    },
    "mse_region2": {
      "mean": 3152.13945533741,
      "median": 1239.1142578125,
      "p10": 141.07723083496094,
      "p90": 8352.125195312501
    },
    "jsc_true": {
      "mean": 234.66280831637755,
      "median": 232.48584747314453,
      "p10": 142.48495330810547,
      "p90": 332.0630767822266
    },
    "voc_true": {
      "mean": 0.9136995311732736,
      "median": 0.925000011920929,
      "p10": 0.6499999761581421,
      "p90": 1.1749999523162842
    },
    "vmpp_true": {
      "mean": 0.5841705679727829,
      "median": 0.574999988079071,
      "p10": 0.3000000119209289,
      "p90": 0.8500000238418579
    },
    "jmpp_true": {
      "mean": 193.5616039892189,
      "median": 186.22674560546875,
      "p10": 110.53508224487305,
      "p90": 293.07835083007814
    },
    "jsc_pred": {
      "mean": 234.87485594863847,
      "median": 233.36832427978516,
      "p10": 144.21793060302736,
      "p90": 329.1159942626953
    },
    "voc_pred": {
      "mean": 0.9145870828572737,
      "median": 0.9148107171058655,
      "p10": 0.6875930964946747,
      "p90": 1.1428531646728517
    },
    "vmpp_pred": {
      "mean": 0.5274253954205198,
      "median": 0.5249999761581421,
      "p10": 0.4000000059604645,
      "p90": 0.699999988079071
    },
    "jmpp_pred": {
      "mean": 181.2912776920236,
      "median": 173.5171661376953,
      "p10": 108.308390045166,
      "p90": 269.10491333007815
    },
    "ff_true": {
      "mean": 0.5384888449713213,
      "median": 0.5489473938941956,
      "p10": 0.2750345289707184,
      "p90": 0.7908489763736725
    },
    "ff_pred": {
      "mean": 0.45189265409030016,
      "median": 0.46409840881824493,
      "p10": 0.2798587769269943,
      "p90": 0.6078032314777374
    },
    "ff_abs_err": {
      "mean": 0.1446591463936149,
      "median": 0.1302675530314445,
      "p10": 0.02456027865409844,
      "p90": 0.2839970499277115
    },
    "pce_true": {
      "mean": 0.11679627580893526,
      "median": 0.10542321577668184,
      "p10": 0.04474809542298314,
      "p90": 0.20500727146863928
    },
    "pmpp_true": {
      "mean": 116.7962702611373,
      "median": 105.42321014404297,
      "p10": 44.74809188842774,
      "p90": 205.00725708007812
    },
    "jsc_ratio": {
      "mean": 0.975429567490634,
      "median": 0.999468594789505,
      "p10": 0.9323999404907227,
      "p90": 1.000586986541748
    },
    "voc_ratio": {
      "mean": 1.9648829193021764,
      "median": 1.8368321061134338,
      "p10": 1.1989953875541688,
      "p90": 2.9051887273788455
    }
  },
  "bad_curve_stats": {
    "curve_mse": {
      "mean": 4668.633032520064,
      "median": 1118.4961547851562,
      "p10": 107.70543899536135,
      "p90": 13281.915234375001
    },
    "curve_r2": {
      "mean": 0.41782765692028767,
      "median": 0.6024042665958405,
      "p10": -0.25237660408020013,
      "p90": 0.9572037398815155
    },
    "mse_region1": {
      "mean": 2854.12922434966,
      "median": 976.3803100585938,
      "p10": 86.57525787353518,
      "p90": 7528.340625000005
    },
    "mse_region2": {
      "mean": 5458.815024785753,
      "median": 836.7466735839844,
      "p10": 76.00279693603517,
      "p90": 17217.904296875
    },
    "jsc_true": {
      "mean": 221.09902067511229,
      "median": 208.3771514892578,
      "p10": 132.4800765991211,
      "p90": 330.0449584960938
    },
    "voc_true": {
      "mean": 0.8662071675296936,
      "median": 0.875,
      "p10": 0.574999988079071,
      "p90": 1.1749999523162842
    },
    "vmpp_true": {
      "mean": 0.5051250521177238,
      "median": 0.4250000119209289,
      "p10": 0.3000000119209289,
      "p90": 0.8999999761581421
    },
    "jmpp_true": {
      "mean": 167.89446905270577,
      "median": 136.17679595947266,
      "p10": 84.28107986450196,
      "p90": 297.4936737060547
    },
    "jsc_pred": {
      "mean": 226.26336325862925,
      "median": 220.47637939453125,
      "p10": 135.86664581298828,
      "p90": 327.8775177001953
    },
    "voc_pred": {
      "mean": 0.8613599883894979,
      "median": 0.8597581088542938,
      "p10": 0.6271051943302155,
      "p90": 1.1007725119590759
    },
    "vmpp_pred": {
      "mean": 0.4643215856163837,
      "median": 0.449999988079071,
      "p10": 0.3000000119209289,
      "p90": 0.6499999761581421
    },
    "jmpp_pred": {
      "mean": 162.46688953728693,
      "median": 143.35538482666016,
      "p10": 94.52537536621094,
      "p90": 265.0800476074219
    },
    "ff_true": {
      "mean": 0.44382699121372254,
      "median": 0.3792138546705246,
      "p10": 0.19575765728950492,
      "p90": 0.793956196308136
    },
    "ff_pred": {
      "mean": 0.3919837634926849,
      "median": 0.3778272569179535,
      "p10": 0.23392735868692394,
      "p90": 0.5709750652313232
    },
    "ff_abs_err": {
      "mean": 0.15647919336645652,
      "median": 0.13558702915906906,
      "p10": 0.0235190063714981,
      "p90": 0.31775599122047427
    },
    "pce_true": {
      "mean": 0.09706039109535793,
      "median": 0.05345463566482065,
      "p10": 0.02779713384807109,
      "p90": 0.24098978638649
    },
    "pmpp_true": {
      "mean": 97.06038653310615,
      "median": 53.454633712768555,
      "p10": 27.797132110595705,
      "p90": 240.98977661132827
    },
    "jsc_ratio": {
      "mean": 0.9361716391369789,
      "median": 0.9971671402454376,
      "p10": 0.7616795480251313,
      "p90": 1.0003766059875487
    },
    "voc_ratio": {
      "mean": 1.9724936804617892,
      "median": 1.841506540775299,
      "p10": 1.1323525547981261,
      "p90": 2.994711756706238
    }
  },
  "good_curve_stats": {
    "curve_mse": {
      "mean": 1830.849597941269,
      "median": 1209.2440795898438,
      "p10": 201.03000946044924,
      "p90": 4636.34453125
    },
    "curve_r2": {
      "mean": 0.7871520916422406,
      "median": 0.863275021314621,
      "p10": 0.4965758264064789,
      "p90": 0.9731802582740783
    },
    "mse_region1": {
      "mean": 1027.4794522505222,
      "median": 310.1054992675781,
      "p10": 32.69531936645508,
      "p90": 2890.6696533203126
    },
    "mse_region2": {
      "mean": 2177.0063766112457,
      "median": 1378.5745849609375,
      "p10": 200.95915069580084,
      "p90": 5543.891259765625
    },
    "jsc_true": {
      "mean": 240.39681711111155,
      "median": 240.00469970703125,
      "p10": 149.70345001220704,
      "p90": 332.46326904296876
    },
    "voc_true": {
      "mean": 0.9337766392803415,
      "median": 0.925000011920929,
      "p10": 0.699999988079071,
      "p90": 1.1749999523162842
    },
    "vmpp_true": {
      "mean": 0.6175865794206674,
      "median": 0.6000000238418579,
      "p10": 0.4250000119209289,
      "p90": 0.824999988079071
    },
    "jmpp_true": {
      "mean": 204.412229297878,
      "median": 197.04375457763672,
      "p10": 130.56952667236328,
      "p90": 291.4390594482422
    },
    "jsc_pred": {
      "mean": 238.51531214909357,
      "median": 237.91622924804688,
      "p10": 149.4203643798828,
      "p90": 329.4185760498047
    },
    "voc_pred": {
      "mean": 0.9370885135688426,
      "median": 0.9361985623836517,
      "p10": 0.7190655767917633,
      "p90": 1.1566523551940917
    },