{
  "mae_mean": 4.98953608924286,
  "mae_std": 5.694828025712486,
  "mae_median": 3.1418128297664225,
  "rmse_mean": 7.03828026825259,
  "rmse_std": 7.658575050419102,
  "rmse_median": 4.498262487431823,
  "r2_mean": 0.9823691076065224,
  "r2_std": 0.3837656237923521,
  "r2_median": 0.9973499733105641,
  "isc_error_abs_mean": 0.9150580342060222,
  "isc_error_abs_median": 0.0,
  "voc_error_abs_mean": 0.005247428595533157,
  "voc_error_abs_median": 0.0004084422925887399,
  "voc_prediction_rate": 0.5691785155339483,
  "run_name": "DilatedConv_seed42",
  "architecture": "conv",
  "use_attention": false,
  "use_dilated_conv": true,
  "train_time_s": 1943.8607841553167,
  "test_time_s": 30.911022732034326,
  "total_time_s": 1991.335073118098,
  "train_steps": 59052,
  "max_epochs": 100,
  "batch_size": 128
}