{
  "seed": 42,
  "architecture": "conv_dilated_noattn",
  "max_epochs": 100,
  "batch_size": 128,
  "train_time_s": 1943.8607841553167,
  "test_time_s": 30.911022732034326,
  "total_time_s": 1991.335073118098,
  "train_steps": 59052
}